Workbook
Name Slicer_Months__Date: #N/A
Name Slicer_Product: #N/A
Name Slicer_Region: #N/A

Sheet Pivot Table
A3: Row Labels | B3: Sum of Revenue | D3: Row Labels | E3: Sum of Revenue | G3: Row Labels | H3: Sum of Revenue | I3: Sum of Quantity
A4: Iphone | B4: 3770864 | D4: Islamabad | E4: 0.29619038 | G4: Mar | H4: 28101345 | I4: 777
A5: Samsung | B5: 4405069 | D5: Karachi | E5: 0.20663787 | G5: Grand Total | H5: 28101345 | I5: 777
A6: Techno | B6: 5752584 | D6: Lahore | E6: 0.26357084
A7: Redmi | B7: 6834265 | D7: Sialkot | E7: 0.23360092
A8: Vivo | B8: 7338563 | D8: Grand Total | E8: 1
A9: Grand Total | B9: 28101345
A11: Row Labels | B11: Sum of Revenue
A12: Haseeb | B12: 6166614
A13: Shahbaz | B13: 5807879
A14: Yasir | B14: 4486314 | D14: Total Revenue | E14: =GETPIVOTDATA("Revenue",$A$3) -> 28101345
A15: Umair | B15: 4325490 | D15: Total Units Sold | E15: =GETPIVOTDATA("Sum of Quantity",$G$3) -> 777
A16: Zeeshan | B16: 3670161 | D16: Total Orders | E16: =GETPIVOTDATA("Quantity",$D$18) -> 86
A17: Grand Total | B17: 24456458
D18: Count of Quantity
D19: 86

Sheet Data File
A1: Date | B1: Region | C1: Product | D1: Salesperson | E1: Quantity | F1: Unit_Price | G1: Revenue
A2: 44927 | B2: Islamabad | C2: Iphone | D2: Haseeb | E2: 13 | F2: 68064 | G2: ='Data File'!$F2*'Data File'!$E2 -> 884832
A3: 44927.364 | B3: Lahore | C3: Iphone | D3: Haseeb | E3: 1 | F3: 68761 | G3: ='Data File'!$F3*'Data File'!$E3 -> 68761
A4: 44927.729 | B4: Sialkot | C4: Iphone | D4: Haseeb | E4: 17 | F4: 43870 | G4: ='Data File'!$F4*'Data File'!$E4 -> 745790
A5: 44928.093 | B5: Islamabad | C5: Samsung | D5: Shahbaz | E5: 6 | F5: 35873 | G5: ='Data File'!$F5*'Data File'!$E5 -> 215238
A6: 44928.457 | B6: Islamabad | C6: Redmi | D6: Umair | E6: 4 | F6: 63627 | G6: ='Data File'!$F6*'Data File'!$E6 -> 254508
A7: 44928.822 | B7: Lahore | C7: Samsung | D7: Zeeshan | E7: 16 | F7: 71155 | G7: ='Data File'!$F7*'Data File'!$E7 -> 1138480
A8: 44929.186 | B8: Sialkot | C8: Redmi | D8: Yasir | E8: 15 | F8: 30372 | G8: ='Data File'!$F8*'Data File'!$E8 -> 455580
A9: 44929.551 | B9: Sialkot | C9: Samsung | D9: Zeeshan | E9: 15 | F9: 8642 | G9: ='Data File'!$F9*'Data File'!$E9 -> 129630
A10: 44929.915 | B10: Islamabad | C10: Samsung | D10: Zeeshan | E10: 6 | F10: 33001 | G10: ='Data File'!$F10*'Data File'!$E10 -> 198006
A11: 44930.279 | B11: Karachi | C11: Vivo | D11: Zain | E11: 15 | F11: 39064 | G11: ='Data File'!$F11*'Data File'!$E11 -> 585960
A12: 44930.644 | B12: Islamabad | C12: Samsung | D12: Umair | E12: 14 | F12: 19122 | G12: ='Data File'!$F12*'Data File'!$E12 -> 267708
A13: 44931.008 | B13: Islamabad | C13: Techno | D13: Zain | E13: 11 | F13: 29820 | G13: ='Data File'!$F13*'Data File'!$E13 -> 328020
... A1001: 45291 | B1001: Islamabad | C1001: Techno | D1001: Shahbaz | E1001: 5 | F1001: 55248 | G1001: ='Data File'!$F1001*'Data File'!$E1001 -> 276240

Sheet Dashboard
